"Date","Price","Open","High","Low","Vol.","Change %"
"07/31/2023","24.7700","24.3352","24.8600","24.1784","","1.81%"
"07/28/2023","24.3300","24.1277","24.4202","24.1007","","0.81%"
"07/27/2023","24.1355","24.9163","25.1584","24.0283","","-3.14%"
"07/26/2023","24.9169","24.6499","25.0466","24.5094","","0.90%"
"07/25/2023","24.6950","24.3728","24.7347","24.2838","","1.33%"
"07/24/2023","24.3700","24.6200","24.7318","24.2551","","-0.83%"
"07/21/2023","24.5740","24.7933","24.9302","24.5844","","-0.67%"
"07/20/2023","24.7400","25.1507","25.2871","24.7027","","-1.67%"
"07/19/2023","25.1600","25.0630","25.2532","24.9270","","0.32%"
"07/18/2023","25.0800","24.8300","25.1782","24.7610","","1.03%"
"07/17/2023","24.8250","24.9253","24.9552","24.5893","","-0.43%"
"07/14/2023","24.9325","24.8471","25.0361","24.6662","","0.29%"
"07/13/2023","24.8600","24.1550","24.8950","24.0900","","2.99%"
"07/12/2023","24.1375","23.1925","24.1696","23.0939","","4.48%"
"07/11/2023","23.1026","23.1774","23.4089","23.0000","","-0.05%"
"07/10/2023","23.1150","23.0886","23.1724","22.7311","","0.26%"
"07/07/2023","23.0550","22.7253","23.1646","22.5993","","1.39%"
"07/06/2023","22.7400","23.1583","23.2715","22.5220","","-1.58%"
"07/05/2023","23.1050","22.9583","23.3214","22.7511","","0.68%"
"07/04/2023","22.9500","22.9096","23.0774","22.8610","","0.29%"
"07/03/2023","22.8835","22.7785","23.0833","22.6886","","0.58%"
"06/30/2023","22.7521","22.5711","22.8556","22.3333","","0.90%"
"06/29/2023","22.5500","22.7211","22.8941","22.2685","","-0.75%"
"06/28/2023","22.7200","22.8482","22.9818","22.5474","","-0.72%"
"06/27/2023","22.8850","22.7687","23.1105","22.7308","","0.51%"
"06/26/2023","22.7700","22.4450","22.9040","22.3976","","1.58%"
"06/23/2023","22.4155","22.2409","22.6900","22.0993","","0.79%"
"06/22/2023","22.2400","22.6226","22.7383","22.1700","","-1.77%"
"06/21/2023","22.6400","23.2092","23.2125","22.4877","","-2.35%"
"06/20/2023","23.1850","23.9350","24.0410","23.0411","","-3.15%"
"06/19/2023","23.9400","24.1675","24.2001","23.8714","","-0.85%"
"06/16/2023","24.1452","23.8748","24.2197","23.8232","","1.22%"
"06/15/2023","23.8550","23.9443","24.0225","23.2083","","-0.30%"
"06/14/2023","23.9275","23.6275","24.0980","23.6256","","1.05%"
"06/13/2023","23.6800","24.0613","24.4097","23.5872","","-1.54%"
"06/12/2023","24.0500","24.2658","24.3205","23.8600","","-0.89%"
"06/09/2023","24.2665","24.2941","24.5374","24.1889","","0.10%"
"06/08/2023","24.2411","23.4636","24.3708","23.4096","","3.35%"
"06/07/2023","23.4550","23.6194","24.0592","23.3894","","-0.53%"
"06/06/2023","23.5800","23.5550","23.7965","23.3250","","0.11%"
"06/05/2023","23.5550","23.5944","23.6924","23.2368","","-0.14%"
"06/02/2023","23.5870","23.8785","24.0310","23.5737","","-1.33%"
"06/01/2023","23.9050","23.5455","23.9423","23.2600","","1.82%"
"05/31/2023","23.4775","23.2094","23.6350","23.0900","","1.13%"
"05/30/2023","23.2150","23.1723","23.3600","22.9097","","0.09%"
"05/29/2023","23.1939","23.2500","23.3046","23.1452","","-0.49%"
"05/26/2023","23.3085","22.7351","23.3456","22.6722","","2.36%"
"05/25/2023","22.7700","23.0810","23.1631","22.6896","","-1.36%"
"05/24/2023","23.0850","23.4533","23.5455","23.0163","","-1.45%"
"05/23/2023","23.4250","23.6668","23.6775","23.0963","","-0.99%"
"05/22/2023","23.6600","23.8571","23.9400","23.5905","","-0.70%"
"05/19/2023","23.8260","23.4699","24.0310","23.3846","","1.41%"
"05/18/2023","23.4936","23.6900","23.7915","23.3223","","-0.98%"
"05/17/2023","23.7250","23.7367","23.8927","23.5250","","-0.04%"
"05/16/2023","23.7335","24.1430","24.2200","23.6250","","-1.56%"
"05/15/2023","24.1100","23.9150","24.2218","23.8650","","0.84%"
"05/12/2023","23.9100","24.1504","24.2222","23.7227","","-1.10%"
"05/11/2023","24.1750","25.4813","25.4886","24.1200","","-4.90%"
"05/10/2023","25.4200","25.5982","25.9274","25.2151","","-0.77%"
"05/09/2023","25.6175","25.5243","25.6853","25.3151","","0.19%"
"05/08/2023","25.5700","25.6755","25.7460","25.4946","","-0.31%"
"05/05/2023","25.6500","26.0173","26.1458","25.1604","","-1.59%"
"05/04/2023","26.0650","25.5392","26.0900","25.4298","","1.84%"
"05/03/2023","25.5950","25.3852","25.6244","25.0832","","0.82%"
"05/02/2023","25.3875","24.9602","25.4921","24.5731","","1.67%"
"05/01/2023","24.9700","25.1623","25.9217","24.8759","","-0.26%"
"04/28/2023","25.0363","24.8654","25.0882","24.7247","","0.33%"
"04/27/2023","24.9550","24.8839","25.1486","24.5032","","0.26%"
"04/26/2023","24.8900","24.9555","25.2367","24.7148","","-0.62%"
"04/25/2023","25.0450","25.1165","25.3708","24.4850","","-0.50%"
"04/24/2023","25.1700","25.0671","25.2479","24.7812","","0.55%"
"04/21/2023","25.0315","25.2416","25.3900","24.8879","","-1.02%"
"04/20/2023","25.2900","25.2446","25.5100","25.0443","","0.13%"
"04/19/2023","25.2575","25.2066","25.3864","24.6294","","0.20%"
"04/18/2023","25.2075","25.0700","25.3300","24.9175","","0.41%"
"04/17/2023","25.1050","25.3093","25.6224","24.8034","","-0.93%"
"04/14/2023","25.3400","25.8036","26.1072","25.1397","","-1.77%"
"04/13/2023","25.7975","25.4902","25.9819","25.3806","","1.26%"
"04/12/2023","25.4775","25.1232","25.6848","25.0229","","1.61%"
"04/11/2023","25.0750","24.9144","25.1467","24.8274","","0.72%"
"04/10/2023","24.8950","24.9035","25.0870","24.7125","","-0.44%"
"04/06/2023","25.0050","24.9928","25.0300","24.5553","","0.12%"
"04/05/2023","24.9750","24.9909","25.1450","24.6400","","-0.16%"
"04/04/2023","25.0150","23.9850","25.0400","23.8140","","4.25%"
"04/03/2023","23.9950","24.1300","24.2000","23.5631","","-0.32%"
"03/31/2023","24.0730","23.8221","24.1750","23.6921","","0.83%"
"03/30/2023","23.8750","23.3029","23.9405","23.2274","","2.25%"
"03/29/2023","23.3500","23.2899","23.4286","23.0298","","0.40%"
"03/28/2023","23.2575","23.0900","23.3888","22.8150","","0.70%"
"03/27/2023","23.0950","23.2750","23.3020","22.8421","","-0.55%"
"03/24/2023","23.2224","23.1180","23.5276","22.9564","","0.44%"
"03/23/2023","23.1208","22.9831","23.2300","22.7537","","0.42%"
"03/22/2023","23.0250","22.3836","23.0805","22.2522","","2.91%"
"03/21/2023","22.3750","22.5138","22.6625","22.1494","","-0.64%"
"03/20/2023","22.5200","22.5900","22.7261","22.2176","","-0.31%"
"03/17/2023","22.5900","21.7152","22.6241","21.6532","","4.05%"
"03/16/2023","21.7100","21.7878","22.1028","21.4583","","-0.34%"
"03/15/2023","21.7850","21.6860","22.4009","21.5327","","0.44%"
"03/14/2023","21.6900","21.8026","21.9849","21.4993","","-0.54%"
"03/13/2023","21.8075","20.6995","21.9419","20.5820","","6.33%"
"03/10/2023","20.5100","20.0721","20.8111","19.8923","","2.19%"
"03/09/2023","20.0696","20.0186","20.3027","19.9665","","0.35%"
"03/08/2023","19.9989","20.0814","20.2456","19.9009","","-0.27%"
"03/07/2023","20.0532","21.0429","21.1600","20.0163","","-4.70%"
"03/06/2023","21.0415","21.3078","21.3248","20.9700","","-0.94%"
"03/03/2023","21.2410","20.8990","21.2813","20.8284","","1.69%"
"03/02/2023","20.8890","20.9992","21.0623","20.6581","","-0.51%"
"03/01/2023","20.9959","20.9146","21.1880","20.8201","","0.40%"
"02/28/2023","20.9124","20.6264","21.0163","20.4142","","1.40%"
"02/27/2023","20.6244","20.7959","20.8517","20.5495","","-0.69%"
"02/24/2023","20.7687","21.3228","21.4137","20.7278","","-2.46%"
"02/23/2023","21.2923","21.5054","21.6916","21.2521","","-0.98%"
"02/22/2023","21.5024","21.8291","21.9950","21.4333","","-1.49%"
"02/21/2023","21.8268","21.7775","21.9922","21.6323","","0.41%"
"02/20/2023","21.7387","21.6700","21.9267","21.5431","","0.06%"
"02/17/2023","21.7260","21.6002","21.8224","21.1600","","0.58%"
"02/16/2023","21.6002","21.6395","21.8246","21.4242","","-0.12%"
"02/15/2023","21.6258","21.8594","21.8934","21.4156","","-0.98%"
"02/14/2023","21.8400","21.9719","22.0560","21.5950","","-0.59%"
"02/13/2023","21.9702","22.0032","22.1000","21.7848","","-0.10%"
"02/10/2023","21.9928","21.9781","22.3158","21.8228","","0.08%"
"02/09/2023","21.9758","22.3113","22.6051","21.9046","","-1.49%"
"02/08/2023","22.3091","22.1905","22.5534","22.1286","","0.55%"
"02/07/2023","22.1879","22.2661","22.4800","22.0413","","-0.35%"
"02/06/2023","22.2652","22.3375","22.6291","22.1343","","-0.38%"
"02/03/2023","22.3496","23.4720","23.6150","22.2764","","-4.75%"
"02/02/2023","23.4635","23.9825","24.6472","23.4125","","-2.15%"
"02/01/2023","23.9794","23.7250","24.0473","23.3536","","1.18%"
"01/31/2023","23.6994","23.5924","23.7950","22.9640","","0.46%"
"01/30/2023","23.5902","23.5954","23.8274","23.5280","","0.11%"
"01/27/2023","23.5639","23.9168","24.0450","23.2904","","-1.38%"
"01/26/2023","23.8928","23.9039","24.3166","23.5856","","-0.03%"
"01/25/2023","23.8997","23.6691","23.9596","23.3234","","0.98%"
"01/24/2023","23.6667","23.4545","23.7850","23.2000","","0.92%"
"01/23/2023","23.4515","23.9620","24.1850","22.7500","","-2.07%"
"01/20/2023","23.9481","23.8323","24.0928","23.7013","","0.50%"
"01/19/2023","23.8282","23.4519","23.9561","23.1539","","1.72%"
"01/18/2023","23.4257","23.9216","24.3615","23.4128","","-2.06%"
"01/17/2023","23.9190","24.4046","24.4800","23.8207","","-1.97%"
"01/16/2023","24.3993","24.3047","24.5550","23.9250","","0.62%"
"01/13/2023","24.2498","23.7802","24.3168","23.4800","","2.00%"
"01/12/2023","23.7747","23.4207","24.2010","23.3209","","1.52%"
"01/11/2023","23.4185","23.6105","24.0750","23.2000","","-0.80%"
"01/10/2023","23.6084","23.6299","23.8050","23.4150","","-0.08%"
"01/09/2023","23.6272","23.8613","24.1255","23.5753","","-0.78%"
"01/06/2023","23.8133","23.2450","23.9350","23.1949","","2.57%"
"01/05/2023","23.2159","23.7600","23.9226","23.1101","","-2.19%"
"01/04/2023","23.7355","24.0050","24.4850","23.5850","","-1.03%"
"01/03/2023","23.9830","24.0642","24.5750","23.8785","","-0.03%"
"01/02/2023","23.9900","23.9700","24.0150","23.9650","","0.10%"
"12/30/2022","23.9652","23.8923","24.1750","23.5152","","0.39%"
"12/29/2022","23.8719","23.5289","24.0738","23.5060","","1.56%"
"12/28/2022","23.5044","24.0464","24.1225","23.4522","","-2.25%"
"12/27/2022","24.0442","23.8388","24.3001","23.7726","","0.80%"
"12/26/2022","23.8540","23.9100","23.9640","23.8360","","0.65%"
"12/23/2022","23.7000","23.5522","23.9109","23.4994","","0.56%"
"12/22/2022","23.5672","23.9706","24.1094","23.3600","","-1.67%"
"12/21/2022","23.9678","24.1681","24.3350","23.8127","","-0.82%"
"12/20/2022","24.1650","22.9669","24.2750","22.8661","","5.31%"
"12/19/2022","22.9455","23.2298","23.4350","22.8200","","-1.14%"
"12/16/2022","23.2110","23.0729","23.2603","22.5387","","0.70%"
"12/15/2022","23.0491","23.9190","24.0026","22.9545","","-3.55%"
"12/14/2022","23.8966","23.7306","24.0623","23.3622","","0.71%"
"12/13/2022","23.7274","23.3022","24.1550","23.2815","","1.84%"
"12/12/2022","23.2998","23.4600","23.5508","23.0966","","-0.72%"
"12/09/2022","23.4683","23.0677","23.6990","22.9410","","1.73%"
"12/08/2022","23.0685","22.7274","23.2360","22.5315","","1.51%"
"12/07/2022","22.7245","22.1921","22.8550","22.0749","","2.53%"
"12/06/2022","22.1637","22.2619","22.6350","22.0146","","-0.39%"
"12/05/2022","22.2500","23.1172","23.5450","22.1484","","-3.79%"
"12/02/2022","23.1264","22.7676","23.2650","22.2656","","1.59%"
"12/01/2022","22.7654","22.1982","22.8070","22.0286","","2.57%"
"11/30/2022","22.1948","21.2600","22.2140","21.1826","","4.41%"
"11/29/2022","21.2578","20.9338","21.4676","20.8729","","1.63%"
"11/28/2022","20.9175","21.4048","21.6450","20.8521","","-3.11%"
"11/25/2022","21.5900","21.5063","21.6225","21.1430","","0.37%"
"11/24/2022","21.5100","21.5350","21.7050","21.4412","","-0.02%"
"11/23/2022","21.5144","21.0824","21.6150","20.8983","","3.23%"
"11/22/2022","20.8418","20.8440","21.3650","20.8167","","0.00%"
"11/21/2022","20.8415","20.9534","21.0250","20.5683","","-0.35%"
"11/18/2022","20.9150","20.9478","21.3250","20.8277","","-0.17%"
"11/17/2022","20.9496","21.4785","21.5225","20.7419","","-2.45%"
"11/16/2022","21.4752","21.5651","22.0679","21.3850","","-0.29%"
"11/15/2022","21.5371","21.9856","22.2850","21.3749","","-1.95%"
"11/14/2022","21.9647","21.7000","22.1150","21.2850","","1.31%"
"11/11/2022","21.6813","21.6800","22.0750","21.2744","","0.10%"
"11/10/2022","21.6601","21.0400","21.8450","20.9471","","3.11%"
"11/09/2022","21.0070","21.3650","21.6250","20.9850","","-1.56%"
"11/08/2022","21.3408","20.8100","21.6650","20.4846","","2.72%"
"11/07/2022","20.7753","20.4900","21.0250","20.3800","","-0.29%"
"11/04/2022","20.8357","19.4700","20.9350","19.4050","","7.07%"
"11/03/2022","19.4600","19.2300","19.5750","18.8200","","0.93%"
"11/02/2022","19.2800","19.6250","20.1150","19.2000","","-1.88%"
"11/01/2022","19.6500","19.1655","20.0400","19.1200","","2.66%"
"10/31/2022","19.1404","19.2400","19.2668","18.8981","","-0.45%"
"10/28/2022","19.2265","19.6050","19.6850","18.9985","","-1.82%"
"10/27/2022","19.5825","19.5900","19.7050","19.2800","","-0.19%"
"10/26/2022","19.6200","19.3450","19.8250","19.2050","","1.45%"
"10/25/2022","19.3400","19.2400","19.4750","18.7800","","0.42%"
"10/24/2022","19.2600","19.4269","19.6800","19.0131","","-0.72%"
"10/21/2022","19.4000","18.7350","19.4300","18.2750","","3.97%"
"10/20/2022","18.6600","18.5150","19.0450","18.2150","","1.19%"
"10/19/2022","18.4400","18.7450","18.8250","18.3600","","-1.71%"
"10/18/2022","18.7600","18.7000","18.9850","18.5393","","0.43%"
"10/17/2022","18.6800","18.2300","18.9650","18.2300","","2.32%"
"10/14/2022","18.2569","18.8800","19.0850","18.0800","","-3.24%"
"10/13/2022","18.8679","19.0500","19.3450","18.4550","","-1.01%"
"10/12/2022","19.0600","19.1750","19.3200","18.8589","","-0.68%"
"10/11/2022","19.1900","19.6200","19.7350","19.0600","","-2.34%"
"10/10/2022","19.6500","20.1800","20.1922","19.5000","","-2.29%"
"10/07/2022","20.1100","20.6663","20.8350","19.9945","","-2.62%"
"10/06/2022","20.6500","20.6900","20.8803","20.3580","","-0.24%"
"10/05/2022","20.7000","21.0574","21.0800","19.9396","","-1.94%"
"10/04/2022","21.1100","20.6850","21.2550","20.6000","","1.71%"
"10/03/2022","20.7550","19.0200","20.7825","19.0000","","9.24%"
"09/30/2022","19.0000","18.8221","19.3050","18.7703","","0.98%"
"09/29/2022","18.8150","18.9052","18.9177","18.4800","","-0.40%"
"09/28/2022","18.8900","18.4013","18.9851","17.9600","","2.50%"
"09/27/2022","18.4300","18.3300","18.7971","18.3148","","0.52%"
"09/26/2022","18.3350","18.8900","19.0400","18.3200","","-2.67%"
"09/23/2022","18.8387","19.6350","19.7200","18.7650","","-4.13%"
"09/22/2022","19.6500","19.5860","19.8750","19.2395","","0.31%"
"09/21/2022","19.5900","19.2750","19.9250","19.2350","","1.45%"
"09/20/2022","19.3100","19.5700","19.6150","19.0531","","-1.53%"
"09/19/2022","19.6100","19.5500","19.6614","19.2200","","0.26%"
"09/16/2022","19.5600","19.1650","19.6650","18.7799","","2.09%"
"09/15/2022","19.1600","19.6200","19.6703","19.1050","","-2.69%"
"09/14/2022","19.6900","19.3400","19.7225","19.2304","","1.92%"
"09/13/2022","19.3200","19.8200","19.9750","19.3200","","-2.33%"
"09/12/2022","19.7800","18.8600","20.0271","18.8399","","5.33%"
"09/09/2022","18.7784","18.6400","18.9750","18.5150","","1.12%"
"09/08/2022","18.5700","18.4558","18.7550","18.3141","","0.32%"
"09/07/2022","18.5100","18.0200","18.5400","17.8400","","2.53%"
"09/06/2022","18.0530","18.1500","18.5950","17.9393","","-0.60%"
"09/05/2022","18.1615","18.0550","18.2768","17.9400","","0.77%"
"09/02/2022","18.0222","17.8100","18.3050","17.7750","","0.96%"
"09/01/2022","17.8500","17.9750","18.0071","17.5548","","-0.67%"
"08/31/2022","17.9700","18.4150","18.5650","17.9200","","-2.81%"
"08/30/2022","18.4900","18.7887","18.8650","18.3400","","-1.39%"
"08/29/2022","18.7500","18.8812","18.9250","18.5124","","-0.69%"
"08/26/2022","18.8800","19.2550","19.4400","18.8200","","-2.07%"
"08/25/2022","19.2800","19.1267","19.4250","19.0934","","0.63%"
"08/24/2022","19.1600","19.1300","19.2450","18.9400","","0.00%"
"08/23/2022","19.1600","18.9900","19.2950","18.7850","","0.79%"
"08/22/2022","19.0100","19.0400","19.1950","18.7085","","-0.08%"
"08/19/2022","19.0253","19.5650","19.5815","19.0200","","-2.53%"
"08/18/2022","19.5200","19.8750","19.9650","19.4800","","-1.61%"
"08/17/2022","19.8400","20.1420","20.3150","19.6850","","-1.38%"
"08/16/2022","20.1175","20.2800","20.3121","19.9100","","-0.65%"
"08/15/2022","20.2500","20.7950","20.8950","20.0850","","-2.69%"
"08/12/2022","20.8100","20.3165","20.8850","20.2330","","2.56%"
"08/11/2022","20.2910","20.5930","20.6650","20.2381","","-1.34%"
"08/10/2022","20.5675","20.5295","20.8550","20.3350","","0.31%"
"08/09/2022","20.5040","20.6741","20.7950","20.4050","","-0.70%"
"08/08/2022","20.6485","19.9000","20.7450","19.7950","","3.89%"
"08/05/2022","19.8750","20.1750","20.3450","19.5494","","-1.34%"
"08/04/2022","20.1446","20.0630","20.4000","19.9594","","0.53%"
"08/03/2022","20.0385","19.9790","20.1859","19.7796","","0.42%"
"08/02/2022","19.9546","20.3645","20.5200","19.9400","","-1.89%"
"08/01/2022","20.3385","20.3230","20.5250","20.0536","","0.09%"
"07/29/2022","20.3200","19.9996","20.3750","19.8450","","1.70%"
"07/28/2022","19.9800","19.1100","20.0800","19.0564","","4.44%"
"07/27/2022","19.1300","18.6265","19.1650","18.4400","","2.85%"
"07/26/2022","18.6005","18.4390","18.7400","18.3800","","1.02%"
"07/25/2022","18.4130","18.6000","18.8050","18.3000","","-0.95%"
"07/22/2022","18.5900","18.8640","18.9600","18.5000","","-1.32%"
"07/21/2022","18.8395","18.6785","18.9250","18.2347","","0.99%"
"07/20/2022","18.6545","18.7740","19.1250","18.6450","","-0.42%"
"07/19/2022","18.7340","18.6970","18.9250","18.5800","","0.33%"
"07/18/2022","18.6726","18.7100","19.0250","18.6350","","-0.09%"
"07/15/2022","18.6900","18.4056","18.7900","18.1800","","1.66%"
"07/14/2022","18.3840","19.2145","19.2450","18.1315","","-4.20%"
"07/13/2022","19.1900","18.9328","19.4200","18.8450","","1.57%"
"07/12/2022","18.8930","19.1076","19.2650","18.7400","","-1.00%"
"07/11/2022","19.0835","19.3115","19.3950","19.0600","","-1.12%"
"07/08/2022","19.3000","19.2185","19.4650","19.0150","","0.56%"
"07/07/2022","19.1930","19.2055","19.5000","19.0950","","0.06%"
"07/06/2022","19.1811","19.2176","19.4007","18.9200","","-0.06%"
"07/05/2022","19.1925","19.9600","20.2550","19.0900","","-3.82%"
"07/04/2022","19.9540","19.8879","20.0350","19.7600","","0.42%"
"07/01/2022","19.8700","20.2724","20.3100","19.3800","","-1.86%"
"06/30/2022","20.2465","20.7330","20.8450","20.2000","","-2.23%"
"06/29/2022","20.7085","20.8000","21.0650","20.6200","","-0.62%"
"06/28/2022","20.8371","21.1730","21.3850","20.7850","","-1.44%"
"06/27/2022","21.1415","21.2500","21.5600","21.0960","","0.15%"
"06/24/2022","21.1100","20.9600","21.2400","20.6050","","0.84%"
"06/23/2022","20.9346","21.4140","21.5250","20.9121","","-2.14%"
"06/22/2022","21.3915","21.6901","21.7009","21.2350","","-1.26%"
"06/21/2022","21.6655","21.5880","21.9750","21.4850","","0.40%"
"06/20/2022","21.5800","21.6500","21.8050","21.4600","","-0.32%"
"06/17/2022","21.6500","21.9490","21.9700","21.5650","","-1.25%"
"06/16/2022","21.9245","21.6785","22.0150","21.3400","","1.25%"
"06/15/2022","21.6530","21.0550","21.8600","20.9997","","2.74%"
"06/14/2022","21.0750","21.0776","21.3950","20.8800","","0.11%"
"06/13/2022","21.0515","21.9300","22.0150","20.9633","","-3.74%"
"06/10/2022","21.8700","21.6861","22.0150","21.2800","","0.97%"
"06/09/2022","21.6605","22.0570","22.1650","21.5400","","-1.69%"
"06/08/2022","22.0331","22.2300","22.2550","21.8050","","-0.77%"
"06/07/2022","22.2051","22.0805","22.3150","21.8650","","0.68%"
"06/06/2022","22.0551","21.9150","22.5350","21.8945","","0.66%"
"06/03/2022","21.9100","22.3045","22.5250","21.8400","","-1.66%"
"06/02/2022","22.2800","21.8355","22.3625","21.7500","","2.20%"
"06/01/2022","21.8000","21.5635","22.0050","21.4200","","1.23%"
"05/31/2022","21.5350","21.9800","22.0158","21.4800","","-1.87%"
"05/30/2022","21.9462","22.1200","22.3150","21.9050","","-0.70%"
"05/27/2022","22.1000","22.0154","22.4600","21.9341","","0.50%"
"05/26/2022","21.9905","21.9940","22.0850","21.7150","","0.10%"
"05/25/2022","21.9685","22.1200","22.1504","21.7330","","-0.55%"
"05/24/2022","22.0910","21.8050","22.2150","21.6600","","1.47%"
"05/23/2022","21.7706","21.7700","22.2000","21.6798","","0.09%"
"05/20/2022","21.7500","21.9250","22.0950","21.6050","","-0.66%"
"05/19/2022","21.8945","21.4210","22.0000","21.2750","","2.33%"
"05/18/2022","21.3955","21.6344","21.7850","21.3600","","-1.02%"
"05/17/2022","21.6150","21.6220","21.9350","21.5050","","0.07%"
"05/16/2022","21.5990","21.1050","21.7150","20.8350","","2.51%"
"05/13/2022","21.0700","20.6905","21.1250","20.4597","","1.97%"
"05/12/2022","20.6620","21.5650","21.7150","20.6150","","-4.15%"
"05/11/2022","21.5555","21.2700","21.9700","21.2350","","1.48%"
"05/10/2022","21.2406","21.7900","22.1350","21.1800","","-2.52%"
"05/09/2022","21.7900","22.3300","22.3750","21.6950","","-2.46%"
"05/06/2022","22.3400","22.5275","22.6455","22.0950","","-0.72%"
"05/05/2022","22.5015","23.0025","23.2950","22.3150","","-1.99%"
"05/04/2022","22.9580","22.5745","23.1250","22.2100","","1.79%"
"05/03/2022","22.5545","22.6500","22.8550","22.4200","","-0.33%"
"05/02/2022","22.6295","22.7700","22.8600","22.1200","","-0.49%"
"04/29/2022","22.7400","23.1539","23.5850","22.6800","","-1.70%"
"04/28/2022","23.1339","23.2850","23.4150","22.8850","","-0.65%"
"04/27/2022","23.2848","23.5050","23.7050","23.2400","","-0.85%"
"04/26/2022","23.4846","23.6251","23.9750","23.3950","","-0.51%"
"04/25/2022","23.6051","24.1450","24.1875","23.3950","","-2.22%"
"04/22/2022","24.1400","24.6600","24.6800","24.0431","","-2.01%"
"04/21/2022","24.6351","25.2005","25.2150","24.4150","","-2.15%"
"04/20/2022","25.1760","25.1790","25.3150","24.8869","","0.08%"
"04/19/2022","25.1550","25.8631","26.0050","25.0600","","-2.64%"
"04/18/2022","25.8380","25.6400","26.2350","25.6089","","0.62%"
"04/15/2022","25.6800","25.6750","25.7275","25.6400","","0.20%"
"04/14/2022","25.6291","25.7250","25.8900","25.2950","","-0.35%"
"04/13/2022","25.7200","25.3716","25.8550","25.3400","","1.48%"
"04/12/2022","25.3460","25.1500","25.6250","24.8600","","1.08%"
"04/11/2022","25.0740","24.8000","25.3850","24.6750","","1.31%"
"04/08/2022","24.7500","24.6150","24.8250","24.3700","","0.73%"
"04/07/2022","24.5700","24.4550","24.6850","24.2400","","0.57%"
"04/06/2022","24.4300","24.3360","24.5800","24.1200","","0.49%"
"04/05/2022","24.3105","24.5600","24.9550","24.2250","","-0.78%"
"04/04/2022","24.5021","24.6250","24.8750","24.2800","","-0.44%"
"04/01/2022","24.6100","24.8050","24.8950","24.4200","","-0.65%"
"03/31/2022","24.7721","24.8658","25.0950","24.5698","","-0.29%"
"03/30/2022","24.8445","24.7730","25.0750","24.6929","","0.39%"
"03/29/2022","24.7486","24.8500","25.0550","23.9744","","-0.37%"
"03/28/2022","24.8400","25.5300","25.6035","24.7931","","-2.63%"
"03/25/2022","25.5100","25.5370","25.7550","25.2600","","-0.01%"
"03/24/2022","25.5115","25.1050","25.8550","24.9600","","1.79%"
"03/23/2022","25.0635","24.7836","25.2150","24.6750","","1.23%"
"03/22/2022","24.7595","25.2175","25.4350","24.5800","","-1.74%"
"03/21/2022","25.1970","24.9560","25.3250","24.8850","","0.99%"
"03/18/2022","24.9500","25.3761","25.4578","24.8250","","-1.52%"
"03/17/2022","25.3350","25.0850","25.5550","25.0058","","1.08%"
"03/16/2022","25.0646","24.8865","25.1450","24.4600","","0.81%"
"03/15/2022","24.8630","25.0365","25.1250","24.5285","","-0.61%"
"03/14/2022","25.0155","25.9000","25.9566","24.9250","","-3.05%"
"03/11/2022","25.8019","25.9070","26.0350","25.4089","","-0.31%"
"03/10/2022","25.8816","25.7600","26.0750","25.3100","","0.58%"
"03/09/2022","25.7328","26.4150","26.8150","25.4000","","-2.48%"
"03/08/2022","26.3875","25.6800","26.9600","25.3600","","2.84%"
"03/07/2022","25.6585","25.8500","26.1650","25.2976","","-0.03%"
"03/04/2022","25.6661","25.1850","25.7650","25.0400","","2.01%"
"03/03/2022","25.1600","25.2850","25.4850","24.9600","","-0.35%"
"03/02/2022","25.2482","25.3928","25.4350","24.8562","","-0.48%"
"03/01/2022","25.3691","24.4600","25.5650","24.2700","","3.89%"
"02/28/2022","24.4202","24.7315","24.7432","24.0865","","0.94%"
"02/25/2022","24.1918","24.2000","24.5150","23.8700","","-0.04%"
"02/24/2022","24.2011","24.5500","25.6350","23.8450","","-1.30%"
"02/23/2022","24.5197","24.1050","24.6050","24.0250","","1.80%"
"02/22/2022","24.0855","23.9650","24.3700","23.9000","","0.62%"
"02/21/2022","23.9380","24.0150","24.0861","23.6950","","-0.09%"
"02/18/2022","23.9596","23.8400","24.1000","23.6750","","0.63%"
"02/17/2022","23.8100","23.5750","23.9450","23.4150","","1.14%"
"02/16/2022","23.5422","23.3700","23.7050","23.2750","","0.87%"
"02/15/2022","23.3400","23.8600","24.0250","23.0800","","-2.06%"
"02/14/2022","23.8300","23.6100","23.9550","23.5150","","1.12%"
"02/11/2022","23.5659","23.2028","23.7350","22.8550","","1.67%"
"02/10/2022","23.1777","23.3100","23.7350","23.1362","","-0.52%"
"02/09/2022","23.3000","23.2000","23.3850","23.0900","","0.54%"
"02/08/2022","23.1759","23.0150","23.2850","22.7650","","0.80%"
"02/07/2022","22.9917","22.4800","23.1150","22.4800","","2.28%"
"02/04/2022","22.4799","22.4100","22.6750","22.0600","","0.38%"
"02/03/2022","22.3937","22.6450","22.7050","21.9950","","-1.02%"
"02/02/2022","22.6242","22.6550","22.8950","22.4650","","-0.04%"
"02/01/2022","22.6335","22.4589","23.0650","22.3990","","0.89%"
"01/31/2022","22.4337","22.4550","22.6750","22.2450","","0.08%"
"01/28/2022","22.4164","22.7765","22.8550","22.1400","","-1.42%"
"01/27/2022","22.7400","23.4950","23.6081","22.5650","","-3.16%"
"01/26/2022","23.4818","23.8200","23.9950","23.4350","","-1.40%"
"01/25/2022","23.8152","23.9900","24.0450","23.5950","","-0.58%"
"01/24/2022","23.9544","24.2800","24.3191","23.5600","","-1.14%"
"01/21/2022","24.2304","24.4500","24.5950","24.1700","","-0.82%"
"01/20/2022","24.4300","24.1489","24.7550","24.0727","","1.27%"
"01/19/2022","24.1235","23.4700","24.2450","23.3850","","2.87%"
"01/18/2022","23.4502","23.0250","23.6550","22.8000","","1.96%"
"01/17/2022","23.0000","22.9600","23.1350","22.8277","","0.22%"
"01/14/2022","22.9502","23.0900","23.3450","22.8234","","-0.53%"
"01/13/2022","23.0715","23.1300","23.3050","22.9949","","-0.18%"
"01/12/2022","23.1121","22.7850","23.2550","22.6398","","1.53%"
"01/11/2022","22.7628","22.4750","22.8450","22.4450","","1.39%"
"01/10/2022","22.4513","22.3585","22.5650","22.1900","","0.68%"
"01/07/2022","22.3000","22.1800","22.4450","21.9495","","0.67%"
"01/06/2022","22.1519","22.7979","22.8550","21.9950","","-2.73%"
"01/05/2022","22.7731","23.0550","23.2750","22.7250","","-1.11%"
"01/04/2022","23.0296","22.8950","23.1350","22.6300","","0.74%"
"01/03/2022","22.8598","23.3250","23.4154","22.6750","","-1.75%"
"12/31/2021","23.2679","23.0550","23.3550","23.0250","","1.03%"
"12/30/2021","23.0317","22.8238","23.1550","22.5950","","0.98%"
"12/29/2021","22.8071","23.0100","23.1850","22.5850","","-0.81%"
"12/28/2021","22.9924","23.0750","23.4650","22.9597","","-0.21%"
"12/27/2021","23.0400","22.8550","23.1350","22.6450","","0.44%"
"12/24/2021","22.9400","22.9050","22.9950","22.8750","","0.22%"
"12/23/2021","22.8900","22.7975","22.9650","22.6550","","0.52%"
"12/22/2021","22.7727","22.5200","22.8650","22.4350","","1.26%"
"12/21/2021","22.4900","22.2600","22.7950","22.1800","","1.16%"
"12/20/2021","22.2322","22.4100","22.4850","22.1850","","-0.52%"
"12/17/2021","22.3473","22.4900","22.6950","22.3596","","-0.50%"
"12/16/2021","22.4600","22.0800","22.5450","21.9066","","1.86%"
"12/15/2021","22.0500","21.9457","22.1350","21.4300","","0.57%"
"12/14/2021","21.9257","22.3300","22.3750","21.6900","","-1.72%"
"12/13/2021","22.3102","22.1800","22.4350","22.1399","","0.67%"
"12/10/2021","22.1626","21.9550","22.2400","21.8150","","1.07%"
"12/09/2021","21.9285","22.4100","22.5050","21.8550","","-2.07%"
"12/08/2021","22.3930","22.5021","22.5850","22.3050","","-0.34%"
"12/07/2021","22.4700","22.3769","22.6150","22.2350","","0.53%"
"12/06/2021","22.3520","22.5862","22.6140","22.1259","","-0.70%"
"12/03/2021","22.5093","22.3900","22.5950","22.0350","","0.60%"
"12/02/2021","22.3749","22.3100","22.5250","22.2100","","0.31%"
"12/01/2021","22.3059","22.8200","23.0450","22.1771","","-2.16%"
"11/30/2021","22.7984","22.9150","23.3350","22.6900","","-0.40%"
"11/29/2021","22.8900","23.1450","23.4850","22.7500","","-1.04%"
"11/26/2021","23.1305","23.6000","23.7350","22.9150","","-1.89%"
"11/25/2021","23.5751","23.5500","23.7750","23.5128","","0.19%"
"11/24/2021","23.5295","23.6800","23.7150","23.3930","","-0.52%"
"11/23/2021","23.6519","24.1950","24.3550","23.2650","","-2.13%"
"11/22/2021","24.1664","24.6350","24.9150","24.0950","","-1.72%"
"11/19/2021","24.5882","24.7900","25.0150","24.5500","","-0.77%"
"11/18/2021","24.7800","25.0682","25.1850","24.6800","","-1.08%"
"11/17/2021","25.0500","24.8300","25.2550","24.8000","","1.01%"
"11/16/2021","24.8005","25.0650","25.4250","24.7650","","-0.95%"
"11/15/2021","25.0387","25.3150","25.3900","24.9050","","-0.97%"
"11/12/2021","25.2851","25.2500","25.4050","24.8450","","0.22%"
"11/11/2021","25.2292","24.6450","25.2850","24.5850","","2.46%"
"11/10/2021","24.6237","24.3050","25.1350","24.0600","","1.42%"
"11/09/2021","24.2797","24.4700","24.5200","24.0300","","-0.65%"
"11/08/2021","24.4388","24.1800","24.5650","24.0550","","1.11%"
"11/05/2021","24.1700","23.7960","24.1850","23.6286","","1.68%"
"11/04/2021","23.7705","23.5185","24.0550","23.4296","","1.18%"
"11/03/2021","23.4940","23.5395","23.6500","23.0150","","-0.11%"
"11/02/2021","23.5190","24.0410","24.0850","23.3750","","-2.07%"
"11/01/2021","24.0166","23.9150","24.1150","23.7400","","0.70%"
"10/29/2021","23.8500","24.0800","24.0923","23.6500","","-1.04%"
"10/28/2021","24.1000","24.0624","24.2550","23.9550","","0.24%"
"10/27/2021","24.0426","24.1595","24.2950","23.8300","","-0.38%"
"10/26/2021","24.1340","24.5650","24.5858","23.8700","","-1.70%"
"10/25/2021","24.5511","24.3450","24.6350","24.2900","","0.99%"
"10/22/2021","24.3100","24.1605","24.8550","24.1150","","0.73%"
"10/21/2021","24.1350","24.2925","24.4900","23.9950","","-0.55%"
"10/20/2021","24.2680","23.6656","24.4450","23.5650","","2.61%"
"10/19/2021","23.6500","23.1895","24.1600","23.1750","","2.09%"
"10/18/2021","23.1651","23.3277","23.4850","23.0050","","-0.51%"
"10/15/2021","23.2835","23.5150","23.6050","23.0650","","-1.09%"
"10/14/2021","23.5400","23.0905","23.6250","22.8950","","2.06%"
"10/13/2021","23.0651","22.5575","23.2650","22.4700","","2.36%"
"10/12/2021","22.5335","22.5765","22.7850","22.3444","","-0.10%"
"10/11/2021","22.5560","22.6811","22.8650","22.4933","","-0.46%"
"10/08/2021","22.6600","22.6050","23.2250","22.4250","","0.36%"
"10/07/2021","22.5795","22.6181","22.8400","22.3750","","-0.06%"
"10/06/2021","22.5940","22.6315","22.7350","22.2050","","-0.29%"
"10/05/2021","22.6600","22.6845","22.7070","22.3700","","0.00%"
"10/04/2021","22.6591","22.5700","22.7700","22.2750","","0.62%"
"10/01/2021","22.5200","22.1665","22.6050","21.9800","","1.44%"
"09/30/2021","22.2000","21.5375","22.2650","21.4641","","3.20%"
"09/29/2021","21.5126","22.4561","22.6050","21.4112","","-4.10%"
"09/28/2021","22.4330","22.6100","22.7050","22.0950","","-0.96%"
"09/27/2021","22.6500","22.4155","22.8750","22.3950","","1.05%"
"09/24/2021","22.4150","22.5115","22.8250","22.1000","","-0.32%"
"09/23/2021","22.4871","22.6945","22.9050","22.4650","","-0.80%"
"09/22/2021","22.6695","22.4970","23.1650","22.4600","","0.88%"
"09/21/2021","22.4715","22.2690","22.7450","22.2300","","1.02%"
"09/20/2021","22.2450","22.3550","22.5450","22.0341","","-0.66%"
"09/17/2021","22.3925","22.9306","23.1650","22.3300","","-2.34%"
"09/16/2021","22.9300","23.8440","24.0050","22.5950","","-3.73%"
"09/15/2021","23.8195","23.8530","23.9650","23.6550","","-0.06%"
"09/14/2021","23.8335","23.7300","24.0050","23.4450","","0.50%"
"09/13/2021","23.7155","23.7553","23.8850","23.3800","","-0.01%"
"09/10/2021","23.7175","24.0345","24.3350","23.7200","","-1.46%"
"09/09/2021","24.0700","23.9479","24.3050","23.8350","","0.46%"
"09/08/2021","23.9600","24.3230","24.4450","23.9050","","-1.39%"
"09/07/2021","24.2984","24.7000","24.8450","24.1550","","-1.51%"
"09/06/2021","24.6700","24.7625","24.8450","24.6285","","-0.08%"
"09/03/2021","24.6900","23.9060","24.9250","23.8750","","3.39%"
"09/02/2021","23.8811","24.1500","24.2450","23.7850","","-1.20%"
"09/01/2021","24.1700","23.9055","24.3050","23.7494","","1.19%"
"08/31/2021","23.8850","24.0195","24.2200","23.8031","","-0.73%"
"08/30/2021","24.0600","24.0150","24.2550","23.9050","","0.27%"
"08/27/2021","23.9950","23.5656","24.1450","23.3350","","1.93%"
"08/26/2021","23.5400","23.8477","23.9050","23.4250","","-1.34%"
"08/25/2021","23.8600","23.8600","23.9350","23.5800","","0.10%"
"08/24/2021","23.8355","23.6330","23.9650","23.5347","","0.74%"
"08/23/2021","23.6600","23.0256","23.7050","22.9650","","2.82%"
"08/20/2021","23.0100","23.2545","23.3850","22.8700","","-0.95%"
"08/19/2021","23.2300","23.5060","23.5401","23.0935","","-1.07%"
"08/18/2021","23.4805","23.6605","23.8550","23.2900","","-0.65%"
"08/17/2021","23.6351","23.8430","23.9750","23.5650","","-0.79%"
"08/16/2021","23.8235","23.7600","23.9350","23.4250","","0.35%"
"08/13/2021","23.7400","23.1744","23.8750","23.1600","","2.53%"
"08/12/2021","23.1551","23.5450","23.5600","23.0100","","-1.57%"
"08/11/2021","23.5245","23.3405","23.6350","23.2050","","0.88%"
"08/10/2021","23.3200","23.4519","23.6950","23.2300","","-0.47%"
"08/09/2021","23.4310","24.3200","24.3800","22.5250","","-3.70%"
"08/06/2021","24.3325","25.1565","25.2550","24.1900","","-3.18%"
"08/05/2021","25.1304","25.3825","25.5550","25.0750","","-0.89%"
"08/04/2021","25.3571","25.5240","26.0350","25.3200","","-0.75%"
"08/03/2021","25.5500","25.4155","25.6250","25.2400","","0.47%"
"08/02/2021","25.4300","25.5400","25.6400","25.2966","","-0.12%"
"07/30/2021","25.4600","25.5270","25.6950","25.3350","","-0.27%"
"07/29/2021","25.5300","24.9525","25.8250","24.9509","","2.41%"
"07/28/2021","24.9285","24.6950","25.0217","24.6050","","1.03%"
"07/27/2021","24.6745","25.1894","25.3150","24.4850","","-1.95%"
"07/26/2021","25.1646","25.1900","25.4600","25.1200","","0.02%"
"07/23/2021","25.1600","25.4311","25.5050","25.0000","","-1.16%"
"07/22/2021","25.4550","25.2525","25.4850","25.0050","","0.90%"
"07/21/2021","25.2280","24.9330","25.3350","24.7550","","1.28%"
"07/20/2021","24.9080","25.1721","25.3350","24.8100","","-1.18%"
"07/19/2021","25.2050","25.6793","25.7950","24.9900","","-1.77%"
"07/16/2021","25.6600","26.3446","26.4650","25.5950","","-2.52%"
"07/15/2021","26.3245","26.2465","26.4150","26.1550","","0.34%"
"07/14/2021","26.2350","25.9860","26.4950","25.9350","","1.05%"
"07/13/2021","25.9615","26.1996","26.3750","25.9350","","-0.82%"
"07/12/2021","26.1750","26.0980","26.2950","25.8650","","0.36%"
"07/09/2021","26.0800","25.9310","26.2250","25.7550","","0.67%"
"07/08/2021","25.9055","26.1465","26.2350","25.8050","","-0.83%"
"07/07/2021","26.1210","26.1595","26.4750","25.9800","","-0.05%"
"07/06/2021","26.1340","26.4484","26.7800","26.0050","","-1.21%"
"07/05/2021","26.4551","26.4965","26.6350","26.3745","","-0.02%"
"07/02/2021","26.4600","26.0361","26.5850","25.9750","","1.73%"
"07/01/2021","26.0110","26.1230","26.4150","25.9350","","-0.36%"
"06/30/2021","26.1044","25.7705","26.1600","25.6950","","1.40%"
"06/29/2021","25.7450","26.1265","26.1550","25.5300","","-1.34%"
"06/28/2021","26.0935","26.1200","26.2450","25.7995","","0.07%"
"06/25/2021","26.0740","25.9540","26.3150","25.9100","","0.55%"
"06/24/2021","25.9326","25.8870","26.1950","25.8090","","0.27%"
"06/23/2021","25.8615","25.7740","26.3050","25.7450","","0.44%"
"06/22/2021","25.7480","25.9595","26.0550","25.6900","","-0.73%"
"06/21/2021","25.9384","25.8100","26.0950","25.5499","","0.58%"
"06/18/2021","25.7900","25.8850","26.5250","25.7450","","-0.50%"
"06/17/2021","25.9200","26.9881","27.2614","25.7650","","-3.87%"
"06/16/2021","26.9635","27.6615","27.8750","26.7050","","-2.44%"
"06/15/2021","27.6370","27.8535","27.9250","27.3881","","-0.71%"
"06/14/2021","27.8340","27.9365","28.0350","27.4700","","-0.20%"
"06/11/2021","27.8900","27.9901","28.3150","27.8850","","-0.27%"
"06/10/2021","27.9650","27.7715","28.0358","27.4650","","0.77%"
"06/09/2021","27.7510","27.6268","28.0150","27.5200","","0.42%"
"06/08/2021","27.6350","27.8800","28.0150","27.5000","","-0.86%"
"06/07/2021","27.8750","27.8500","27.9750","27.4750","","0.34%"
"06/04/2021","27.7800","27.4400","27.8850","27.2250","","1.20%"
"06/03/2021","27.4500","28.1600","28.2550","27.0300","","-2.66%"
"06/02/2021","28.2000","27.8850","28.2250","27.6850","","1.08%"
"06/01/2021","27.9000","28.0615","28.5600","27.8200","","-0.54%"
"05/31/2021","28.0513","27.9300","28.1750","27.8750","","0.61%"
"05/28/2021","27.8800","27.8750","28.0050","27.3939","","0.07%"
"05/27/2021","27.8600","27.6800","27.9150","27.4950","","0.61%"
"05/26/2021","27.6900","27.9950","28.2550","27.6047","","-1.04%"
"05/25/2021","27.9800","27.7735","28.0550","27.4636","","0.65%"
"05/24/2021","27.8000","27.5703","27.9250","27.4600","","1.02%"
"05/21/2021","27.5200","27.7638","28.0950","27.2000","","-0.79%"
"05/20/2021","27.7400","27.7350","28.0150","27.3950","","-0.04%"
"05/19/2021","27.7500","28.1950","28.2650","27.3650","","-1.61%"
"05/18/2021","28.2050","28.1900","28.7650","28.0000","","0.12%"
"05/17/2021","28.1700","27.4800","28.3250","27.3464","","2.75%"
"05/14/2021","27.4150","27.0950","27.5150","26.8200","","1.31%"
"05/13/2021","27.0600","27.0200","27.2650","26.7150","","0.11%"
"05/12/2021","27.0300","27.6350","27.7050","26.9450","","-2.17%"
"05/11/2021","27.6300","27.3340","27.6712","27.1000","","1.17%"
"05/10/2021","27.3100","27.5450","27.8950","27.2300","","-0.44%"
"05/07/2021","27.4300","27.3000","27.6800","27.1400","","0.49%"
"05/06/2021","27.2950","26.5150","27.4750","26.1740","","3.00%"
"05/05/2021","26.5000","26.5150","26.6450","26.1000","","-0.11%"
"05/04/2021","26.5300","26.9200","27.1250","26.0950","","-1.27%"
"05/03/2021","26.8700","25.9250","27.0050","25.8000","","3.75%"
"04/30/2021","25.9000","26.1100","26.2050","25.7950","","-0.70%"
"04/29/2021","26.0836","26.2400","26.4950","25.7100","","-0.33%"
"04/28/2021","26.1700","26.3016","26.3350","25.8250","","-0.27%"
"04/27/2021","26.2400","26.2156","26.4750","26.0450","","0.11%"
"04/26/2021","26.2100","25.9900","26.2350","25.8500","","0.85%"
"04/23/2021","25.9900","26.1700","26.4100","25.8400","","-0.69%"
"04/22/2021","26.1700","26.5750","26.6250","25.9750","","-1.52%"
"04/21/2021","26.5750","25.8330","26.6950","25.7600","","2.73%"
"04/20/2021","25.8700","25.8200","26.1000","25.6850","","0.23%"
"04/19/2021","25.8100","25.9850","26.2550","25.6300","","-0.56%"
"04/16/2021","25.9550","25.8500","26.3150","25.7500","","0.37%"
"04/15/2021","25.8600","25.4250","26.0150","25.3200","","1.77%"
"04/14/2021","25.4100","25.3550","25.5550","25.1950","","0.32%"
"04/13/2021","25.3300","24.8000","25.4900","24.6800","","1.95%"
"04/12/2021","24.8450","25.2500","25.2950","24.7000","","-1.56%"
"04/09/2021","25.2400","25.4600","25.5150","24.9800","","-0.75%"
"04/08/2021","25.4300","25.1567","25.6250","24.9600","","1.23%"
"04/07/2021","25.1200","25.1450","25.2850","24.8484","","-0.20%"
"04/06/2021","25.1700","24.8750","25.3150","24.7650","","1.08%"
"04/05/2021","24.9000","25.0000","25.1050","24.6131","","-0.28%"
"04/02/2021","24.9700","24.9800","25.0413","24.9525","","0.00%"
"04/01/2021","24.9700","24.4345","24.9950","24.2400","","2.38%"
"03/31/2021","24.3900","24.0300","24.5650","23.7799","","1.56%"
"03/30/2021","24.0150","24.6650","24.7850","23.8450","","-2.66%"
"03/29/2021","24.6700","25.0782","25.1064","24.4450","","-1.50%"
"03/26/2021","25.0450","25.0750","25.2750","24.8650","","0.10%"
"03/25/2021","25.0200","25.0900","25.1950","24.4100","","-0.24%"
"03/24/2021","25.0800","25.0700","25.3750","24.9750","","0.00%"
"03/23/2021","25.0800","25.7600","25.8350","25.0050","","-2.70%"
"03/22/2021","25.7750","26.2320","26.2390","25.4050","","-1.79%"
"03/19/2021","26.2450","26.0700","26.3550","25.8742","","0.75%"
"03/18/2021","26.0500","26.3100","26.6550","25.8250","","-1.08%"
"03/17/2021","26.3350","25.9500","26.5250","25.7600","","1.44%"
"03/16/2021","25.9600","26.2500","26.3350","25.8250","","-1.14%"
"03/15/2021","26.2600","25.9750","26.4150","25.7969","","1.34%"
"03/12/2021","25.9129","26.0900","26.1800","25.3800","","-0.63%"
"03/11/2021","26.0766","26.2050","26.4750","25.8400","","-0.33%"
"03/10/2021","26.1639","25.9200","26.2250","25.5400","","1.02%"
"03/09/2021","25.9000","25.1100","26.1400","25.0350","","3.23%"
"03/08/2021","25.0900","25.3500","25.9265","24.9500","","-0.40%"
"03/05/2021","25.1900","25.3200","25.4650","24.8300","","-0.46%"
"03/04/2021","25.3075","26.1250","26.3450","25.0600","","-2.96%"
"03/03/2021","26.0800","26.7800","26.8750","25.8347","","-2.50%"
"03/02/2021","26.7500","26.5200","26.9250","25.8450","","0.89%"
"03/01/2021","26.5128","26.6500","27.1050","26.4250","","-0.40%"
"02/26/2021","26.6200","27.4200","27.6050","26.1400","","-2.85%"
"02/25/2021","27.4000","28.0150","28.2150","27.2784","","-2.07%"
"02/24/2021","27.9800","27.6400","28.0050","27.3150","","1.30%"
"02/23/2021","27.6200","28.1750","28.3365","27.2400","","-1.91%"
"02/22/2021","28.1570","27.3850","28.2856","27.2800","","3.47%"
"02/19/2021","27.2118","27.0250","27.6200","26.2300","","0.73%"
"02/18/2021","27.0158","27.3900","27.5250","26.8600","","-1.21%"
"02/17/2021","27.3471","27.2600","27.4350","26.8500","","0.47%"
"02/16/2021","27.2200","27.6050","27.9600","26.8362","","-1.34%"
"02/15/2021","27.5900","27.3950","27.7150","27.3550","","0.88%"
"02/12/2021","27.3500","26.9800","27.4400","26.8480","","1.49%"
"02/11/2021","26.9472","27.0050","27.2923","26.6950","","-0.17%"
"02/10/2021","26.9930","27.2450","27.5350","26.8328","","-0.76%"
"02/09/2021","27.2000","27.2600","27.8250","27.0650","","-0.19%"
"02/08/2021","27.2524","26.9800","27.5850","26.8400","","1.58%"
"02/05/2021","26.8282","26.3000","27.0550","26.1950","","2.04%"
"02/04/2021","26.2924","26.8700","26.9500","25.8950","","-2.13%"
"02/03/2021","26.8642","26.6150","27.2050","26.4750","","0.95%"
"02/02/2021","26.6117","29.0000","29.0900","26.2800","","-8.14%"
"02/01/2021","28.9700","28.2950","30.0750","27.9600","","7.29%"
"01/29/2021","27.0015","26.3850","27.6600","26.0386","","2.39%"
"01/28/2021","26.3700","25.2675","26.9700","24.8600","","4.48%"
"01/27/2021","25.2400","25.4700","25.5008","24.6972","","-0.80%"
"01/26/2021","25.4425","25.3400","25.6600","25.1886","","0.56%"
"01/25/2021","25.3000","25.4250","25.7850","25.1600","","-0.39%"
"01/22/2021","25.4000","25.9651","26.0100","25.0200","","-2.10%"
"01/21/2021","25.9451","25.8350","26.0650","25.6400","","0.54%"
"01/20/2021","25.8068","25.2000","25.8850","25.0400","","2.45%"
"01/19/2021","25.1900","25.3450","25.4250","24.9250","","-0.55%"
"01/18/2021","25.3300","24.7840","25.3525","24.1999","","2.40%"
"01/15/2021","24.7353","25.5450","25.7953","24.5850","","-3.11%"
"01/14/2021","25.5304","25.1550","25.9050","25.0550","","1.55%"
"01/13/2021","25.1400","25.6050","25.6900","25.1250","","-1.70%"
"01/12/2021","25.5748","24.9600","25.6500","24.8950","","2.62%"
"01/11/2021","24.9209","25.3550","25.5133","24.3300","","-1.77%"
"01/08/2021","25.3700","27.1250","27.2200","24.4809","","-6.40%"
"01/07/2021","27.1040","27.3050","27.3750","26.9200","","-0.72%"
"01/06/2021","27.3000","27.5800","27.9300","26.6093","","-0.98%"
"01/05/2021","27.5700","27.2450","27.6950","26.9916","","1.32%"
"01/04/2021","27.2110","26.6500","27.5700","26.6150","","3.23%"
"01/01/2021","26.3600","26.4000","26.4550","26.3650","","0.01%"
"12/31/2020","26.3584","26.6400","26.7150","26.2100","","-0.95%"
"12/30/2020","26.6100","26.2100","26.6458","26.1350","","1.65%"
"12/29/2020","26.1788","26.2050","26.6200","25.9500","","0.07%"
"12/28/2020","26.1600","26.0898","26.7750","25.9442","","1.20%"
"12/25/2020","25.8500","25.8250","25.8750","25.8250","","0.04%"
"12/24/2020","25.8400","25.5600","25.9250","25.4200","","1.21%"
"12/23/2020","25.5300","25.1600","25.8000","25.0600","","1.62%"
"12/22/2020","25.1224","26.1909","26.5856","25.0770","","-3.98%"
"12/21/2020","26.1633","25.7950","27.4050","24.9700","","1.53%"
"12/18/2020","25.7680","26.0600","26.1350","25.6550","","-1.08%"
"12/17/2020","26.0500","25.3750","26.1000","25.1600","","2.82%"
"12/16/2020","25.3358","24.5200","25.5050","24.4430","","3.48%"
"12/15/2020","24.4829","23.8400","24.5750","23.8100","","2.79%"
"12/14/2020","23.8176","23.9350","24.2400","23.6750","","-0.40%"
"12/11/2020","23.9122","23.9750","24.1250","23.6000","","-0.16%"
"12/10/2020","23.9495","23.9436","24.2900","23.7200","","0.12%"
"12/09/2020","23.9212","24.5600","24.5938","23.5900","","-2.60%"
"12/08/2020","24.5600","24.5050","24.8700","24.4250","","0.22%"
"12/07/2020","24.5050","24.1900","24.7857","23.5200","","1.40%"
"12/04/2020","24.1656","24.0850","24.4100","23.9300","","0.42%"
"12/03/2020","24.0655","24.1100","24.2950","23.7350","","-0.15%"
"12/02/2020","24.1018","24.0150","24.3286","23.5400","","0.42%"
"12/01/2020","24.0021","22.6350","24.0607","22.5807","","6.18%"
"11/30/2020","22.6044","22.7250","22.7800","21.8965","","-0.40%"
"11/27/2020","22.6950","23.2750","23.3450","22.3400","","-3.22%"
"11/26/2020","23.4500","23.3250","23.4900","23.1750","","0.64%"
"11/25/2020","23.3000","23.2700","23.5331","23.0950","","0.20%"
"11/24/2020","23.2524","23.5900","23.6433","22.9300","","-1.37%"
"11/23/2020","23.5759","24.1650","24.4050","23.4238","","-2.35%"
"11/20/2020","24.1444","24.0950","24.5350","23.9000","","0.23%"
"11/19/2020","24.0895","24.3150","24.3850","23.6300","","-0.92%"
"11/18/2020","24.3126","24.4916","24.7150","24.2000","","-0.63%"
"11/17/2020","24.4678","24.7800","24.8150","24.3650","","-1.15%"
"11/16/2020","24.7515","24.6750","25.0800","24.2200","","0.49%"
"11/13/2020","24.6296","24.2450","24.8250","24.1550","","1.65%"
"11/12/2020","24.2300","24.2750","24.4050","24.0400","","-0.08%"
"11/11/2020","24.2494","24.2200","24.4450","23.7743","","0.16%"
"11/10/2020","24.2100","24.0850","24.5050","23.8950","","0.58%"
"11/09/2020","24.0698","25.6150","26.0062","23.5750","","-5.95%"
"11/06/2020","25.5929","25.3600","25.8456","24.8932","","1.05%"
"11/05/2020","25.3275","23.9400","25.4800","23.8900","","5.93%"
"11/04/2020","23.9100","24.1800","24.5009","23.2400","","-1.06%"
"11/03/2020","24.1654","24.0800","24.4000","23.9000","","0.53%"
"11/02/2020","24.0383","23.6550","24.1750","23.3939","","1.73%"
"10/30/2020","23.6300","23.2450","23.8250","23.1740","","1.53%"
"10/29/2020","23.2750","23.3900","23.5858","22.5800","","-0.58%"
"10/28/2020","23.4100","24.3700","24.5850","23.0200","","-4.64%"
"10/27/2020","24.5500","24.2750","24.6200","24.1950","","0.95%"
"10/26/2020","24.3200","24.6300","24.6700","24.1000","","-1.06%"
"10/23/2020","24.5800","24.7200","24.8650","24.4050","","-0.69%"
"10/22/2020","24.7500","25.0400","25.0916","24.3650","","-1.28%"
"10/21/2020","25.0700","24.6550","25.2900","24.6500","","1.72%"
"10/20/2020","24.6450","24.3797","24.9352","24.3200","","0.59%"
"10/19/2020","24.5000","24.1750","24.9850","24.1150","","1.37%"
"10/16/2020","24.1700","24.2750","24.5266","24.0600","","-0.58%"
"10/15/2020","24.3100","24.2875","24.3450","23.5800","","0.12%"
"10/14/2020","24.2800","24.1650","24.6500","23.8743","","0.46%"
"10/13/2020","24.1700","25.1350","25.2050","23.9350","","-3.74%"
"10/12/2020","25.1100","25.1100","25.5750","24.7800","","-0.04%"
"10/09/2020","25.1200","23.8450","25.1886","23.8326","","5.44%"
"10/08/2020","23.8250","23.8750","24.2200","23.6600","","-0.06%"
"10/07/2020","23.8400","23.0350","23.9851","23.0050","","3.27%"
"10/06/2020","23.0850","24.3850","24.5100","22.8650","","-5.20%"
"10/05/2020","24.3500","23.7150","24.5200","23.6750","","2.74%"
"10/02/2020","23.7000","23.7835","24.2050","23.4800","","-0.80%"
"10/01/2020","23.8900","23.2250","24.1750","23.2150","","2.93%"
"09/30/2020","23.2100","24.2243","24.3200","23.1393","","-3.99%"
"09/29/2020","24.1750","23.6750","24.4103","23.3700","","1.96%"
"09/28/2020","23.7100","22.8765","23.7375","22.5150","","3.72%"
"09/25/2020","22.8600","23.1550","23.3162","22.4500","","-1.49%"
"09/24/2020","23.2050","22.8950","23.3600","21.6611","","1.46%"
"09/23/2020","22.8700","24.4005","24.4800","22.5950","","-6.33%"
"09/22/2020","24.4150","24.7250","25.2376","23.8274","","-1.27%"
"09/21/2020","24.7300","26.7967","26.9667","23.7165","","-7.60%"
"09/18/2020","26.7650","27.0850","27.2200","26.7055","","-1.24%"
"09/17/2020","27.1000","27.3150","27.3150","26.3112","","-0.48%"
"09/16/2020","27.2300","27.2350","27.4550","26.8791","","-0.02%"
"09/15/2020","27.2350","27.1470","27.6329","27.0024","","0.29%"
"09/14/2020","27.1550","26.7649","27.3100","26.6725","","1.55%"
"09/11/2020","26.7400","26.8776","27.0438","26.5800","","-0.67%"
"09/10/2020","26.9200","26.9890","27.4930","26.6800","","-0.39%"
"09/09/2020","27.0250","26.6267","27.1300","26.4073","","1.20%"
"09/08/2020","26.7050","26.9343","27.1027","25.8604","","-1.09%"
"09/07/2020","27.0000","26.8747","27.1757","26.6153","","0.45%"
"09/04/2020","26.8800","26.5900","27.0131","26.3090","","0.96%"
"09/03/2020","26.6250","27.4325","27.7200","26.4800","","-3.16%"
"09/02/2020","27.4950","28.1245","28.3200","27.0780","","-2.38%"
"09/01/2020","28.1650","28.2650","28.9100","27.7141","","-0.19%"
"08/31/2020","28.2200","27.5375","28.3680","27.5375","","2.66%"
"08/28/2020","27.4900","27.0527","27.7200","26.8300","","1.65%"
"08/27/2020","27.0450","27.5189","27.9180","26.5245","","-1.73%"
"08/26/2020","27.5200","26.4750","27.5450","26.0973","","4.12%"
"08/25/2020","26.4300","26.5450","26.8080","26.0715","","-0.41%"
"08/24/2020","26.5400","26.7640","27.2450","26.2570","","-0.56%"
"08/21/2020","26.6886","27.2640","27.5452","26.0599","","-1.95%"
"08/20/2020","27.2200","26.7150","27.5277","26.6047","","1.87%"
"08/19/2020","26.7200","27.7226","28.0425","26.4950","","-3.36%"
"08/18/2020","27.6500","27.4550","28.4600","27.1211","","0.91%"
"08/17/2020","27.4000","26.6418","27.5712","25.8305","","3.75%"
"08/14/2020","26.4100","27.5230","27.7240","25.7483","","-4.16%"
"08/13/2020","27.5550","25.5835","27.7212","25.2805","","7.81%"
"08/12/2020","25.5600","24.7815","26.2921","23.4455","","3.11%"
"08/11/2020","24.7900","29.1850","29.2595","24.4299","","-14.96%"
"08/10/2020","29.1500","28.4634","29.4233","27.8682","","3.04%"
"08/07/2020","28.2900","28.9350","29.8634","27.3760","","-2.25%"
"08/06/2020","28.9400","26.9910","29.0902","26.8000","","7.11%"
"08/05/2020","27.0200","26.0150","27.1451","25.3731","","3.92%"
"08/04/2020","26.0000","24.2450","26.0287","24.1200","","7.22%"
"08/03/2020","24.2500","24.7595","24.8505","24.0598","","-0.49%"
"07/31/2020","24.3700","23.5257","24.4716","23.2936","","3.50%"
"07/30/2020","23.5450","24.4150","24.4250","22.9160","","-3.52%"
"07/29/2020","24.4050","24.6050","24.9400","23.3297","","-0.67%"
"07/28/2020","24.5700","24.5645","26.2051","22.3462","","-0.16%"
"07/27/2020","24.6100","22.7450","24.6350","22.7201","","8.22%"
"07/24/2020","22.7400","22.6950","22.9300","22.4135","","0.09%"
"07/23/2020","22.7200","23.0650","23.2585","22.2700","","-1.35%"
"07/22/2020","23.0300","21.3034","23.0709","21.2838","","7.97%"
"07/21/2020","21.3300","19.9300","21.3550","19.8530","","7.19%"
"07/20/2020","19.9000","19.3538","19.9300","19.2450","","3.06%"
"07/17/2020","19.3100","19.1550","19.4050","18.9250","","0.73%"
"07/16/2020","19.1700","19.4250","19.4850","19.0975","","-1.13%"
"07/15/2020","19.3900","19.2050","19.4800","19.1299","","0.99%"
"07/14/2020","19.2000","19.1150","19.3000","18.8700","","0.63%"
"07/13/2020","19.0800","18.6925","19.3764","18.6925","","2.20%"
"07/10/2020","18.6700","18.6950","18.8200","18.4788","","0.05%"
"07/09/2020","18.6600","18.6450","19.0519","18.4828","","-0.59%"
"07/08/2020","18.7700","18.3400","18.7950","18.2400","","2.57%"
"07/07/2020","18.3000","18.2450","18.3783","17.9865","","0.49%"
"07/06/2020","18.2100","18.0476","18.4100","17.9400","","0.94%"
"07/03/2020","18.0400","18.0500","18.1100","17.9291","","0.78%"
"07/02/2020","17.9000","17.9600","18.1362","17.7598","","-0.22%"
"07/01/2020","17.9400","18.1700","18.4623","17.8250","","-1.05%"
"06/30/2020","18.1300","17.8200","18.2565","17.7650","","1.51%"
"06/29/2020","17.8600","17.8135","17.9652","17.6750","","0.62%"
"06/26/2020","17.7500","17.7974","17.9448","17.4922","","-0.73%"
"06/25/2020","17.8800","17.4825","17.9050","17.4350","","2.05%"
"06/24/2020","17.5200","17.8600","18.0750","17.4150","","-2.40%"
"06/23/2020","17.9500","17.8400","18.0282","17.6625","","0.73%"
"06/22/2020","17.8200","17.6536","18.0450","17.6341","","1.25%"
"06/19/2020","17.6000","17.5300","17.8200","17.3595","","0.54%"
"06/18/2020","17.5050","17.4850","17.6921","17.3050","","-0.43%"
"06/17/2020","17.5800","17.4300","17.6450","17.3000","","1.06%"
"06/16/2020","17.3950","17.3775","17.6000","17.2300","","-0.20%"
"06/15/2020","17.4300","17.4572","17.5861","16.9550","","-0.06%"
"06/12/2020","17.4400","17.6150","17.7725","17.3827","","-1.50%"
"06/11/2020","17.7050","18.1238","18.1700","17.4750","","-2.99%"
"06/10/2020","18.2500","17.5331","18.3150","17.5243","","3.75%"
"06/09/2020","17.5900","17.7614","17.8000","17.4550","","-1.51%"
"06/08/2020","17.8600","17.3865","17.9250","17.3150","","2.82%"
"06/05/2020","17.3700","17.7600","17.8150","17.2150","","-1.98%"
"06/04/2020","17.7200","17.7500","17.8675","17.4500","","0.28%"
"06/03/2020","17.6700","18.1000","18.1300","17.4592","","-2.32%"
"06/02/2020","18.0900","18.2850","18.3885","17.7730","","-0.99%"
"06/01/2020","18.2700","17.8850","18.4387","17.8850","","2.41%"
"05/29/2020","17.8400","17.4300","17.9350","17.2625","","2.41%"
"05/28/2020","17.4200","17.2765","17.5259","17.1700","","0.69%"
"05/27/2020","17.3000","17.1200","17.3800","16.8494","","1.17%"
"05/26/2020","17.1000","17.1230","17.4775","17.0150","","-0.58%"
"05/25/2020","17.2000","17.2020","17.2600","16.8829","","0.12%"
"05/22/2020","17.1800","17.0100","17.2566","16.7034","","0.70%"
"05/21/2020","17.0600","17.5100","17.5950","16.8750","","-2.51%"
"05/20/2020","17.5000","17.4400","17.6450","17.2685","","0.57%"
"05/19/2020","17.4000","16.9950","17.5000","16.9631","","1.31%"
"05/18/2020","17.1750","16.6350","17.5772","16.6350","","3.34%"
"05/15/2020","16.6200","15.8754","16.7400","15.7602","","4.73%"
"05/14/2020","15.8700","15.5625","15.9550","15.4384","","1.47%"
"05/13/2020","15.6400","15.4460","15.6650","15.3271","","1.49%"
"05/12/2020","15.4100","15.4928","15.6500","15.3364","","-0.90%"
"05/11/2020","15.5500","15.5050","15.6249","15.2700","","0.65%"
"05/08/2020","15.4500","15.3500","15.6460","15.2100","","-0.32%"
"05/07/2020","15.5000","14.8416","15.5275","14.8193","","3.89%"
"05/06/2020","14.9200","14.9665","15.1800","14.8150","","-0.67%"
"05/05/2020","15.0200","14.7976","15.0550","14.7100","","1.21%"
"05/04/2020","14.8400","14.9745","15.0819","14.7264","","-0.67%"
"05/01/2020","14.9400","14.9480","15.0653","14.7350","","-0.53%"
"04/30/2020","15.0200","15.2700","15.5150","14.7147","","-2.21%"
"04/29/2020","15.3600","15.1945","15.3996","15.0840","","1.12%"
"04/28/2020","15.1900","15.2025","15.2430","14.9050","","-0.56%"
"04/27/2020","15.2750","15.2594","15.3550","15.0100","","0.23%"
"04/24/2020","15.2400","15.2550","15.4059","15.0246","","-0.39%"
"04/23/2020","15.3000","15.0931","15.4550","14.9600","","0.96%"
"04/22/2020","15.1550","14.8800","15.1825","14.6850","","1.54%"
"04/21/2020","14.9250","15.3175","15.3500","14.5200","","-2.90%"
"04/20/2020","15.3700","15.1455","15.4475","15.0487","","1.59%"
"04/17/2020","15.1300","15.5449","15.5649","15.0334","","-3.14%"
"04/16/2020","15.6200","15.4867","15.6450","15.2015","","0.94%"
"04/15/2020","15.4750","15.7592","15.7950","15.2650","","-2.12%"
"04/14/2020","15.8100","15.3609","15.8600","15.3333","","2.33%"
"04/13/2020","15.4500","15.4744","15.5259","15.1316","","0.06%"
"04/10/2020","15.4400","15.4400","15.4700","15.4100","","-0.06%"
"04/09/2020","15.4500","14.9737","15.5750","14.9074","","2.66%"
"04/08/2020","15.0500","15.0114","15.1895","14.8569","","0.31%"
"04/07/2020","15.0030","15.0196","15.5074","14.8400","","0.12%"
"04/06/2020","14.9850","14.4070","15.1011","14.2379","","4.13%"
"04/03/2020","14.3900","14.4955","14.5884","14.2615","","-0.79%"
"04/02/2020","14.5050","13.9484","14.5650","13.8949","","3.61%"
"04/01/2020","14.0000","13.9700","14.1556","13.8050","","0.21%"
"03/31/2020","13.9700","14.0569","14.2583","13.8519","","-1.03%"
"03/30/2020","14.1150","14.5350","14.5952","13.8100","","-2.45%"
"03/27/2020","14.4700","14.4050","14.6615","14.1789","","0.59%"
"03/26/2020","14.3850","14.5000","14.6900","14.1547","","-0.31%"
"03/25/2020","14.4300","14.3100","14.7400","14.0084","","1.12%"
"03/24/2020","14.2700","13.2800","14.3650","13.1728","","7.70%"
"03/23/2020","13.2500","12.6000","13.2950","12.2708","","5.33%"
"03/20/2020","12.5800","12.0971","13.0278","11.9950","","3.88%"
"03/19/2020","12.1100","11.9598","12.3110","11.7750","","1.09%"
"03/18/2020","11.9800","12.6096","12.9050","11.6402","","-4.85%"
"03/17/2020","12.5900","12.8450","13.2550","12.1186","","-2.40%"
"03/16/2020","12.9000","15.0942","15.1210","11.7925","","-12.13%"
"03/13/2020","14.6800","15.8375","15.8800","14.4400","","-7.21%"
"03/12/2020","15.8200","16.7500","16.9407","15.5124","","-5.57%"
"03/11/2020","16.7530","16.8969","17.1269","16.6700","","-0.63%"
"03/10/2020","16.8600","16.9900","17.2150","16.8000","","-0.65%"
"03/09/2020","16.9700","17.3350","17.5317","16.5550","","-1.98%"
"03/06/2020","17.3130","17.4304","17.5891","17.0487","","-0.56%"
"03/05/2020","17.4100","17.2076","17.4701","17.1397","","1.34%"
"03/04/2020","17.1800","17.1966","17.3548","17.0729","","0.00%"
"03/03/2020","17.1800","16.7477","17.4775","16.7150","","2.70%"
"03/02/2020","16.7281","16.6900","17.0585","16.5050","","0.40%"